{
  "overall": {
    "auroc": 0.7486680761099366,
    "precision": 0.6363636363636364,
    "recall": 0.056,
    "n": 598
  },
  "subgroups": {
    "sex": {
      "Male": {
        "n": 300,
        "prevalence": 0.21333333333333335,
        "auroc": 0.6998146186440678,
        "precision": 0.8,
        "recall": 0.0625
      },
      "Female": {
        "n": 298,
        "prevalence": 0.20469798657718122,
        "auroc": 0.805353807843951,
        "precision": 0.5,
        "recall": 0.04918032786885246
      }
    },
    "age_group": {
      "18-39": {
        "n": 193,
        "prevalence": 0.08808290155440414,
        "auroc": 0.7653743315508021,
        "precision": 0.0,
        "recall": 0.0
      },
      "40-59": {
        "n": 200,
        "prevalence": 0.165,
        "auroc": 0.6075122482308111,
        "precision": 0.0,
        "recall": 0.0
      },
      "60+": {
        "n": 205,
        "prevalence": 0.36585365853658536,
        "auroc": 0.6710769230769231,
        "precision": 0.6363636363636364,
        "recall": 0.09333333333333334
      }
    },
    "ethnicity": {
      "Group_2.0": {
        "n": 46,
        "prevalence": 0.21739130434782608,
        "auroc": 0.7166666666666667,
        "precision": 0.0,
        "recall": 0.0
      },
      "Group_3.0": {
        "n": 234,
        "prevalence": 0.1581196581196581,
        "auroc": 0.757442721909727,
        "precision": 0.0,
        "recall": 0.0
      },
      "Group_4.0": {
        "n": 140,
        "prevalence": 0.35,
        "auroc": 0.6555281453240637,
        "precision": 0.6363636363636364,
        "recall": 0.14285714285714285
      },
      "Group_5.0": {
        "n": 114,
        "prevalence": 0.14912280701754385,
        "auroc": 0.6864766525166768,
        "precision": 0.0,
        "recall": 0.0
      }
    }
  },
  "gaps": {
    "sex": {
      "auroc_gap": 0.10553918919988325,
      "auroc_min": 0.6998146186440678,
      "auroc_max": 0.805353807843951
    },
    "age_group": {
      "auroc_gap": 0.15786208331999108,
      "auroc_min": 0.6075122482308111,
      "auroc_max": 0.7653743315508021
    },
    "ethnicity": {
      "auroc_gap": 0.10191457658566327,
      "auroc_min": 0.6555281453240637,
      "auroc_max": 0.757442721909727
    }
  }
}