{
  "overall": {
    "auroc": 0.7575188106575552,
    "brier": 0.19869777281355772,
    "n_test": 4954
  },
  "subgroups": {
    "Sex": {
      "M": {
        "n": 2397,
        "prevalence": 0.3516896120150187,
        "auroc": 0.7420730338879805,
        "brier": 0.2103946479641458
      },
      "F": {
        "n": 2557,
        "prevalence": 0.295658975361752,
        "auroc": 0.7686988269303648,
        "brier": 0.187732810069733
      }
    },
    "Age": {
      "18-44": {
        "n": 1996,
        "prevalence": 0.1227454909819639,
        "auroc": 0.727330155363116,
        "brier": 0.1080443118221126
      },
      "45-59": {
        "n": 1160,
        "prevalence": 0.368103448275862,
        "auroc": 0.6529868270972647,
        "brier": 0.2436733096998755
      },
      "60+": {
        "n": 1798,
        "prevalence": 0.5155728587319244,
        "auroc": 0.5991396019652794,
        "brier": 0.2703177312956465
      }
    },
    "Race": {
      "Mexican": {
        "n": 693,
        "prevalence": 0.341991341991342,
        "auroc": 0.766849877859205,
        "brier": 0.1920661782990726
      },
      "Hispanic": {
        "n": 460,
        "prevalence": 0.3195652173913043,
        "auroc": 0.8067418660755037,
        "brier": 0.1790539997940616
      },
      "White": {
        "n": 1729,
        "prevalence": 0.2891844997108155,
        "auroc": 0.7588185516680229,
        "brier": 0.2078129345480295
      },
      "Black": {
        "n": 1118,
        "prevalence": 0.3613595706618962,
        "auroc": 0.7517229664142886,
        "brier": 0.2049035138803561
      },
      "Asian": {
        "n": 688,
        "prevalence": 0.3386627906976744,
        "auroc": 0.7497240956468425,
        "brier": 0.1910416917941287
      }
    }
  },
  "gaps": {
    "Sex": {
      "auroc_gap": 0.026625793042384327,
      "auroc_min": 0.7420730338879805,
      "auroc_max": 0.7686988269303648
    },
    "Age": {
      "auroc_gap": 0.12819055339783658,
      "auroc_min": 0.5991396019652794,
      "auroc_max": 0.727330155363116
    },
    "Race": {
      "auroc_gap": 0.057017770428661185,
      "auroc_min": 0.7497240956468425,
      "auroc_max": 0.8067418660755037
    }
  }
}