{
  "auroc": 0.7733500539178269,
  "auprc": 0.5767054151231666,
  "brier": 0.1990609924694962,
  "n_train": 5239,
  "n_test": 4954
}